title,published_by,product_code,published,content_info,price_info
"Global Synthetic Fibres (Polyester, Nylon, Acrylic & Polyolefin) Market: Insights & Forecast with Potential Impact of COVID-19 (2022-2026)",Koncept Analytics,1070417,"April 18, 2022",105 Pages,USD 1400
Global Helium Market: Insights & Forecast with Potential Impact of COVID-19 (2022-2026),Koncept Analytics,1070416,"April 18, 2022",87 Pages,USD 1300
Global Petrochemical Market (By Type & Region): Insights & Forecast with Potential Impact of COVID-19 (2022-2026),Koncept Analytics,1070414,"April 18, 2022",104 Pages,USD 1400
"Global Surfactants Market (Non-ionic, Anionic & Cationic): Insights & Forecast with Potential Impact of COVID-19 (2022-2026)",Koncept Analytics,1070412,"April 18, 2022",116 Pages,USD 1600
Re-Refined Base Oil Market - Global Outlook & Forecast 2022-2027,Arizton Advisory & Intelligence,1069856,"April 18, 2022",294 Pages,USD 3750
Poly Alpha Olefin (PAO) Market - Global Outlook & Forecast 2022-2027,Arizton Advisory & Intelligence,1069854,"April 18, 2022",222 Pages,USD 3750
Medical Device Packaging Market - Global Outlook & Forecast 2022-2027,Arizton Advisory & Intelligence,1069849,"April 18, 2022",299 Pages,USD 3750
Group II & III Base Oil Market - Global Outlook & Forecast 2022-2027,Arizton Advisory & Intelligence,1069847,"April 18, 2022",259 Pages,USD 3750
Garden Pesticides Market - Global Outlook & Forecast 2022-2027,Arizton Advisory & Intelligence,1069845,"April 18, 2022",287 Pages,USD 3500
Data Center Fire Detection and Suppression Market - Global Outlook & Forecast 2022-2027,Arizton Advisory & Intelligence,1069840,"April 18, 2022",379 Pages,USD 3750
Base Oil Market - Global Outlook & Forecast 2022-2027,Arizton Advisory & Intelligence,1069836,"April 18, 2022",268 Pages,USD 3750
Vietnam Short Fiber Thermoplastic (SFT) Market Research Report 2022,QYResearch,1069722,"April 18, 2022",80 Pages,USD 3400
Global Zinc Aluminum Magnesium Coated Steel Market Research Report 2022,QYResearch,1069718,"April 18, 2022",141 Pages,USD 2900
Global Polybutene-1(Resin) Market Research Report 2022,QYResearch,1069714,"April 18, 2022",107 Pages,USD 2900
"Global Paint Grade Zinc Dust Market Report, History and Forecast 2017-2029",QYResearch,1069713,"April 18, 2022",136 Pages,USD 3350
"Global Organoclay Market Report, History and Forecast 2017-2028",QYResearch,1069711,"April 18, 2022",149 Pages,USD 3350
"Global CPP Packaging Films Market Report, History and Forecast 2017-2028",QYResearch,1069701,"April 18, 2022",133 Pages,USD 3350
Africa and GCC Cocamidopropyl Betaine (CAPB) Market Report & Forecast 2022-2028,QYResearch,1069695,"April 18, 2022",109 Pages,USD 3900
Global High Purity Electronic Grade Phosphoric Acid Market Research Report 2022,QYResearch,1068652,"April 18, 2022",127 Pages,USD 2900
"Hollow Fiber Filtration Market Size, Share & Trends Analysis By Material, By Technique, By Application, By End User, Regional Outlook, Competitive Strategies and Segment Forecasts to 2030",SPER Market Research Pvt. Ltd.,1070365,"April 18, 2022",213 Pages,USD 4250
"Aerospace Wires & Cables Market Size, Share, Trend, Forecast, & Industry Analysis: 2022-2027",Stratview Research,1069956,"April 18, 2022",138 Pages,USD 4990
Additive Technology Markets for Engineered Solid Dosage Forms,Greystone Research Associates,1069891,"April 18, 2022",,USD 3850
"Pine-Derived Chemicals Market by Type (TOFA, TOR, Gum Turpentine, Gum Rosin, Pitch, and Sterols), Application (Paints & Coatings, Adhesives & Sealants, Surfactants, and Printing Inks), Source, Process and Region - Global Forecast to 2027",MarketsandMarkets,1069885,"April 18, 2022",256 Pages,USD 4950
"Synthetic Paper Market by Raw Material (BOPP, HDPE, PET, and PVC), Application (Printing, Labels & Tags, Packaging), End-use Industry (Industrial, Institutional, and Commercial/Retail) and Geography - Global Forecast to 2027",MarketsandMarkets,1069884,"April 18, 2022",193 Pages,USD 4950
"Surface Disinfectant Market by Composition, Formulation, Application, End User - Global Forecast to 2029",Meticulous Market Research Pvt. Ltd.,1069367,"April 18, 2022",245 Pages,USD 4175
